"indicativo","nombre","provincia","altitud","latitud","longitud","mu_smooth","sigma_smooth","xi_smooth","rl20_mean","rl20_sd","rl50_mean","rl50_sd","rl100_mean","rl100_sd"
"4263X","VALSEQUILLO","CORDOBA",575,38.4094444444444,-5.35055555555556,33.2266404795021,9.7038818115773,0.0943404959833382,66.6610969971741,4.30254469376272,79.2212107191028,5.41069290626557,89.3857411531614,6.32376833842881
"4267X","HINOJOSA DEL DUQUE","CORDOBA",551,38.4983333333333,-5.12138888888889,28.4288710339335,8.39873494510517,0.0943837402790385,57.3684292251071,3.72589317507704,68.2419181459829,4.69950543170977,77.042283596979,5.5076921226878
"4527X","AROCHE","HUELVA",267,37.9802777777778,-6.97583333333333,43.542562416767,13.1677323138892,0.0941428253809125,88.8960829744407,5.81472365217066,105.929245284536,7.33712472144139,119.71220518754,8.60083433986487
"4541X","EL GRANADO","HUELVA",60,37.5536111111111,-7.52,43.4736494195422,14.13862188104,0.0939303231882578,92.1709973402494,6.40971465934599,110.44961921333,8.08165005151916,125.237859069844,9.46920716663546
"4549Y","AYAMONTE","HUELVA",3,37.1947222222222,-7.395,42.4936357677543,14.2562822843091,0.0938896557789941,91.5840976294641,6.28564304914623,110.010031288624,7.94734747654387,124.916388896097,9.31930860093023
"4554X","CARTAYA","HUELVA",15,37.2183333333333,-7.08361111111111,45.5447813666876,15.2352308522042,0.0942350303521357,98.0286430584383,6.8432296574767,117.734037377587,8.51254846218317,133.680072175855,9.89312420322723
"4560Y","ALAJAR","HUELVA",572,37.8686111111111,-6.675,60.2854622902724,17.0938140996357,0.0941821091049322,119.133254767422,7.14435972594296,141.236134154855,8.96673878082002,159.121660714256,10.4814771239193
"4575X","VALVERDE DEL CAMINO","HUELVA",280,37.5752777777778,-6.76777777777778,50.25731825392,14.871052472397,0.0937647050605628,101.369120356549,5.54837899633679,120.551715260223,6.9122894539834,136.068616847388,8.05173257380699
"4584X","EL CERRO DE AND<U+00C9>VALO","HUELVA",270,37.7316666666667,-6.94222222222222,51.7457701314219,15.569727295357,0.0940289904843578,105.32547601619,6.41104943780332,125.444972838416,8.0547016284601,141.724491340704,9.43242772820189
"4589X","ALOSNO, THARSIS","HUELVA",276,37.5977777777778,-7.11944444444444,52.8053229680225,16.0606181858782,0.0941697020271953,108.080924778305,6.55957144423312,128.8402297562,8.20147028966887,145.638793379289,9.5750266692396
"4605","HUELVA","HUELVA",17,37.2566666666667,-6.94972222222222,44.7637774248197,14.2078470344695,0.0942827693470637,93.6057842699196,4.75168361029186,111.957559673977,5.94168514394972,126.808626079361,6.93830837134041
"4608X","EL CAMPILLO","HUELVA",415,37.6772222222222,-6.63,59.7100348347204,17.5761800230605,0.0939241061897134,120.186156827409,7.33176964434633,142.888754744573,9.18007252865212,161.256334293095,10.7265903610216
"4622X","VILLARRASA","HUELVA",145,37.4508333333333,-6.63666666666667,45.1571328057879,13.7941712483097,0.094325445532604,92.7020902957081,6.4852405077003,110.558162604302,8.0974141473064,125.009964610484,9.44495717845515
"4642E","HUELVA, RONDA ESTE","HUELVA",18,37.2783333333333,-6.91166666666667,45.0111340502235,14.6928607315599,0.0938441313782332,95.4920740735387,4.95287977986178,114.448008184138,6.28028537043459,129.783197939974,7.39723665438788
"5038Y","CAZORLA","JAEN",799,37.9158333333333,-3.00388888888889,36.5899823064198,10.5205340966277,0.09396130110705,72.8196779193842,4.82303422615604,86.4198020244619,6.04084959836144,97.423361514262,7.05359926053205
"5047E","BAZA","GRANADA",785,37.5058333333333,-2.735,21.5414005237803,7.06843713722381,0.0935761967397012,45.8505806914999,2.89396475687467,54.9701018135796,3.64022212681676,62.3459059212746,4.25983712873253
"5051X","HU<U+00C9>SCAR","GRANADA",1100,37.8613888888889,-2.65277777777778,31.6490310364761,9.5032206672424,0.0942716710371937,64.424854120137,4.65857584275493,76.7318819284874,5.83626437272432,86.6914567204778,6.80981476770798
"5060X","V<U+00C9>LEZ BLANCO - TOPARES","ALMERIA",1190,37.8608333333333,-2.22805555555556,27.8626594117202,10.1313745018684,0.0942136716857629,62.8372770809259,5.25529376500549,75.9703431112876,6.67530842164054,86.5988654338925,7.85305847119066
"5107D","D<U+00D3>LAR","GRANADA",1197,37.18,-2.98638888888889,26.9434092824884,9.26195694090382,0.0937811679313393,58.9047468843174,5.10108090996001,70.8839453879287,6.32301718781816,80.5739918414268,7.32656526843573
"5164B","BAEZA","JAEN",771,37.9966666666667,-3.46194444444444,31.7257426347384,8.97083244050364,0.0940004051862798,62.6204790413225,4.11384876193712,74.214010494934,5.08936451309245,83.5933850833082,5.89153520704475
"5165X","TORRES","JAEN",910,37.7808333333333,-3.56361111111111,36.0717877465501,10.3292210496676,0.0946467171932155,71.6285950218301,3.99785796045303,84.9959773956364,4.9887183951892,95.8169316829222,5.8171935236679
"5181D","ARROYO DEL OJANCO","JAEN",580,38.3147222222222,-2.88972222222222,33.3965271441126,9.39964379511604,0.0936681271937116,65.7277742257561,3.92110680319326,77.8603510748308,4.93176437044131,87.6738834867516,5.77032899411815
"5192","VILLARRODRIGO","JAEN",862,38.4891666666667,-2.6375,35.802090381451,10.5045169778109,0.0938352497810426,72.0071314265375,5.14325698489098,85.5928639200121,6.48249043676314,96.5829283461626,7.58391683217483
"5210X","VILLANUEVA DEL ARZOBISPO","JAEN",680,38.175,-2.99805555555556,36.8787700113252,10.1426802978291,0.09419418379947,71.8064268450826,4.4119947806151,84.9247018397896,5.52576708619762,95.5401275805576,6.45096951598794
"5246","SANTA ELENA","JAEN",770,38.3444444444444,-3.53527777777778,41.1717011844586,12.1698639449395,0.093987820684443,83.0647383479031,5.26318066469566,98.7909074280646,6.58440810929937,111.513992657351,7.67428178493319
"5270","JA<U+00C9>N, INSTITUTO","JAEN",510,37.7763888888889,-3.78888888888889,41.239128274026,11.9325768802873,0.0944687185279044,82.2679040383482,3.9931437355096,97.6893406067985,4.97153639526822,110.170728487226,5.79016974370421
"5270B","JA<U+00C9>N","JAEN",580,37.7775,-3.80916666666667,36.9965682237081,10.8945608079915,0.0940753712816015,74.417607861661,3.2905533408556,88.4771130606628,4.16313076849157,99.8531637976257,4.9022171093788
"5279X","LINARES","JAEN",515,38.1511111111111,-3.62944444444444,36.790662909467,10.9026250379273,0.0940569110130438,74.3000384538656,4.353756205919,88.3849528502824,5.44608264358787,99.7810546258104,6.35184190748416
"5281X","BAIL<U+00C9>N","JAEN",345,38.0930555555556,-3.7825,36.7689840211872,10.9481777165621,0.0939461224957359,74.4485668309052,4.69336715207044,88.5912995762403,5.84990743489504,100.033371276909,6.81192933780734
"5298X","AND<U+00DA>JAR","JAEN",202,38.0230555555556,-4.06333333333333,36.3668769497236,11.2089381892308,0.0941889648002796,74.970671211945,4.95660060921818,89.4672649428643,6.20944844424459,101.197479542649,7.24236377223494
"5346X","CARDE<U+00D1>A","CORDOBA",720,38.1866666666667,-4.2725,62.3626142559331,18.8558140393211,0.094121703464665,127.284819776975,8.22320792782034,151.661007411989,10.2600958805817,171.384729481945,11.9433012109571
"5361X","MONTORO","CORDOBA",155,38.0133333333333,-4.33027777777778,43.4566472839225,12.7589522967223,0.0938146275642845,87.3459674131901,5.28225885776432,103.817098118417,6.58113071121906,117.141418063773,7.66090980803022
"5390Y","VILLANUEVA DE C<U+00D3>RDOBA","CORDOBA",750,38.3330555555556,-4.60888888888889,39.012945928187,11.168340361778,0.094026066587152,77.4405968517579,4.46657033568498,91.8728723869194,5.65522235197992,103.550150087472,6.6468664609715
"5394X","C<U+00D3>RDOBA, EMBALSE DE GUADANU<U+00D1>O","CORDOBA",525,38.0208333333333,-4.79666666666667,55.862715539474,16.4606148646604,0.0935509324654059,112.429893178262,6.30612718132484,133.651880594148,7.8579268202505,150.816237594655,9.15972923353379
"5402","C<U+00D3>RDOBA AEROPUERTO","CORDOBA",90,37.8488888888889,-4.84666666666667,47.0867429725824,13.9459100013123,0.0942115717574475,94.9782696369785,3.78772264043658,112.978154362477,4.81964864672287,127.543757920846,5.69423483724193
"5406X","ALCAL<U+00C1> LA REAL","JAEN",908,37.4975,-3.90805555555556,38.9955775816856,11.1270220804043,0.0938579653694748,77.2696505287296,4.53726719690638,91.6392067633459,5.70291520370971,103.265094542319,6.68645420072458
"5412X","PRIEGO DE C<U+00D3>RDOBA","CORDOBA",550,37.4847222222222,-4.20777777777778,35.2241653590082,10.1737220983761,0.0938302404916833,70.2155882714518,4.10127963794807,83.3505033761203,5.13929723875815,93.9765898672193,6.00822326436998
"5427X","DO<U+00D1>A MENC<U+00CD>A","CORDOBA",650,37.5561111111111,-4.35388888888889,37.6551830652319,11.0014449120528,0.0938830355752404,75.4681380933927,3.9893632516236,89.6658533453855,5.0097675960375,101.151847602653,5.86467344063431
"5429X","C<U+00D3>RDOBA, PR<U+00C1>GDENA","CORDOBA",275,37.8102777777778,-4.46222222222222,36.0545720686305,10.4413887681477,0.093956772307129,71.9896817798383,4.46998897435779,85.4788131478056,5.56919440272945,96.392384169414,6.48544785199429
"5459X","ESPIEL","CORDOBA",465,38.1111111111111,-4.92861111111111,49.8707651231365,14.7910142102012,0.0940032807171375,100.784917521974,6.41450501861066,119.898179996179,8.01062159525121,135.362283214828,9.33661506585766
"5470","FUENTE PALMERA","CORDOBA",120,37.7530555555556,-5.10055555555556,47.8140714390857,13.9770187969587,0.0941430355746792,95.8916392420069,5.45026055795426,113.946646408509,6.75923531317225,128.556347655775,7.85651248035486
"5514","GRANADA BASE A<U+00C9>REA","GRANADA",687,37.1372222222222,-3.63138888888889,27.7306476676043,8.32164726608777,0.0942551882102635,56.3094013601987,2.24807270107888,67.052104867529,2.87089322200478,75.7456769837226,3.40169665774472
"5515D","V<U+00CD>ZNAR","GRANADA",1258,37.2369444444444,-3.55055555555556,40.1353681130585,11.9763386824655,0.0936869335836937,81.3620924429451,5.56868405716527,96.8213305570773,6.84679110408872,109.32583023688,7.90648952474755
"5515X","GRANADA-CARTUJA","GRANADA",775,37.1897222222222,-3.59555555555556,31.5515742556367,9.42653647278756,0.0939720789603233,63.9622903639149,3.56741181599246,76.1314757921706,4.44221654119072,85.9773692821045,5.17806661933805
"5530E","GRANADA AEROPUERTO","GRANADA",560,37.1902777777778,-3.78972222222222,27.8827554910375,8.26200971438375,0.0942784693821994,56.2623535580211,2.31430817489181,66.9301090968711,2.95073910975108,75.5631029408767,3.49099847693593
"5582A","LOJA","GRANADA",760,37.1611111111111,-4.15277777777778,32.0409428015123,9.54306786028263,0.0937629357252018,64.8499140337696,3.63328238963256,77.165890545345,4.58193594110548,87.1288809399282,5.37736547730007
"5598X","BENAMEJ<U+00CD>","CORDOBA",465,37.2308333333333,-4.54777777777778,31.776694281058,9.55002414914632,0.0938237103107142,64.6184802982587,3.74102921921171,76.9462128133576,4.69080993587439,86.9191835230991,5.48718971444101
"5612B","LA RODA DE ANDALUC<U+00CD>A","SEVILLA",410,37.1944444444444,-4.77,33.1917956896279,10.3234034049586,0.0939501094178737,68.7018865394993,4.09692049982397,82.0327579569141,5.11933993610342,92.8178781622133,5.96928816309734
"5612X","LORA DE ESTEPA","SEVILLA",450,37.2702777777778,-4.82694444444444,41.2600730953742,12.616087520195,0.0936941584928148,84.6214581157569,4.74377963932871,100.893735254397,5.93410579963014,114.055661819232,6.92554269826672
"5624X","AGUILAR DE LA FRONTERA","CORDOBA",309,37.4819444444444,-4.68583333333333,38.4872584282365,12.0141524034266,0.094461038115039,79.8777202007062,5.23470349537306,95.4289402651523,6.54122322799065,108.016170013471,7.62976573270584
"5625X","LA RAMBLA","CORDOBA",200,37.6386111111111,-4.76388888888889,41.1463095430871,12.1432732145217,0.0938803436130929,82.9102497159641,4.81674331260258,98.5866639755839,6.00947030324729,111.26868143133,7.00395401396814
"5641X","<U+00C9>CIJA","SEVILLA",130,37.5161111111111,-5.085,38.5789412092658,11.6741310609303,0.0942932660982814,78.756536839227,4.64459896451702,93.8528976590766,5.85662674612019,106.070560028389,6.87423466887392
"5654X","LA PUEBLA DE LOS INFANTES","SEVILLA",200,37.7866666666667,-5.37111111111111,56.9969517612962,16.9547562353865,0.0938986699422175,115.323687923486,6.92881795740733,137.218559132131,8.6610749949307,154.93228386339,10.1094278862976
"5656","FUENTES DE ANDALUC<U+00CD>A","SEVILLA",165,37.4972222222222,-5.43305555555556,43.7770934074999,12.674984772636,0.0940198857926959,87.3714566996249,4.93141525728195,103.739513394452,6.142994120968,116.982458720225,7.15395734381967
"5702X","CARMONA","SEVILLA",50,37.5655555555556,-5.74055555555556,42.5999171617544,12.4269172453536,0.0939722354527996,85.3629526178936,5.23384887627507,101.414460079473,6.50054660253908,114.400981401593,7.55451273477335
"5704B","CAZALLA DE LA SIERRA","SEVILLA",550,37.9263888888889,-5.76972222222222,58.368870316758,18.1665756943938,0.0943113763392879,120.898058244013,7.26342445221617,144.391284565319,9.14764436276263,163.403652651332,10.7115012530933
"5726X","GUADALCANAL","SEVILLA",720,38.0994444444444,-5.81916666666667,44.9507444825752,13.6481977466443,0.0943060254553826,91.9967760737262,6.36177397572582,109.667093242321,8.00099524884815,123.967387030105,9.35796651671271
"5733X","ALMAD<U+00C9>N DE LA PLATA","SEVILLA",450,37.7911111111111,-6.075,56.5836298990794,17.1397319474132,0.0941786865225508,115.603302399394,7.3984677294453,137.768427327733,9.28666046338954,155.704524342145,10.857124931857
"5769X","CALA","HUELVA",618,37.9736111111111,-6.32222222222222,52.5592818801199,14.8541959886652,0.094405302893193,103.720692431977,6.33623808967566,122.946471449451,7.99166981301187,138.507024315072,9.36917889944855
"5783","SEVILLA AEROPUERTO","SEVILLA",34,37.4166666666667,-5.87916666666667,47.2494542226184,13.7388905541406,0.0943896277932388,94.4288439795182,3.41024512650579,112.167664103756,4.33905168953083,126.524050008483,5.13318989497214
"5788X","TOMARES, ZAUD<U+00CD>N","SEVILLA",84,37.3616666666667,-6.05972222222222,43.5806658186601,12.9850267220777,0.0937984289264122,88.3889983788115,7.38316096925083,105.176819066839,8.99669054120933,118.757197465397,10.329931080354
"5790Y","SEVILLA, TABLADA","SEVILLA",9,37.3641666666667,-6.00583333333333,42.0924402920125,12.2514699390543,0.0936351667624518,84.1902942783557,4.56340813887744,99.9867830917088,5.6750057116122,112.764030856121,6.61356614697274
"5796","MOR<U+00D3>N DE LA FRONTERA","SEVILLA",87,37.1644444444444,-5.61138888888889,45.2329741947681,13.1460546040362,0.0941877161264331,90.3805500488169,3.63341452878243,107.349108128345,4.64250166657754,121.080230602299,5.50089992797923
"5835X","CARRI<U+00D3>N DE LOS C<U+00C9>SPEDES","SEVILLA",76,37.36,-6.33416666666667,47.6163230073938,14.5165852804779,0.0943057374300434,97.6124461317512,6.31921298592842,116.390194023719,7.86850322500429,131.586811632152,9.15731583599795
"5858X","ALMONTE","HUELVA",5,36.9886111111111,-6.44305555555556,38.538795853292,11.5975443014885,0.0944384953498664,78.4431314881588,4.34139925008178,93.4389623085843,5.41923976389463,105.576129433851,6.32300728585088
"5860E","MOGUER, EL ARENOSILLO","HUELVA",41,37.0980555555556,-6.73805555555556,38.1484613341067,12.2297527303476,0.0940208447230686,80.2088227482161,4.63426905960792,96.0048156586045,5.85381276208024,108.785219783731,6.87041812447518
"5891X","LAS CABEZAS DE SAN JUAN","SEVILLA",105,36.9533333333333,-5.84666666666667,44.9659474042776,12.7831224958021,0.0940713773714723,88.9175728478656,4.64759120299113,105.425948864258,5.83388362159956,118.783649798362,6.83383835910578
"5906X","CHIPIONA","CADIZ",10,36.75,-6.40055555555556,40.9942914571684,12.4144194025552,0.0941329806246866,83.7037021121046,4.88729163647204,99.7427783653501,6.09109453343475,112.721092610524,7.09677949402398
"5910","ROTA, BASE NAVAL","CADIZ",21,36.6388888888889,-6.3325,46.2620764439967,14.2681221222238,0.0941179662513933,95.2824942239836,4.50127881841628,113.698365692391,5.64430891277781,128.599616889805,6.60889740123074
"5911A","GRAZALEMA","CADIZ",913,36.7605555555556,-5.37416666666667,126.131691450012,35.990142333061,0.0937688271889223,249.833331511751,13.3276910176154,296.268679759846,16.7519294359147,333.831279785281,19.6169398255825
"5919X","OLVERA","CADIZ",530,36.9316666666667,-5.25944444444444,41.9580317741374,12.3074905524563,0.0943143663130704,84.3463012927763,5.32109420914292,100.270926778358,6.68084889656442,113.159160013724,7.81825651888247
"5941X","EL BOSQUE","CADIZ",295,36.7294444444444,-5.51222222222222,57.3293612070425,16.2712761788977,0.0940665478069583,113.29616322716,6.34934817017825,134.313804232774,7.92655884403194,151.320122799317,9.25101543266064
"5950X","SAN JOS<U+00C9> DEL VALLE","CADIZ",105,36.6638888888889,-5.78333333333333,48.6235131247607,14.1575205638779,0.0936495959272539,97.3178272625998,5.94252612328284,115.588444461664,7.43299307093989,130.367152164107,8.67846686491649
"5960","JEREZ DE LA FRONTERA AEROPUERTO","CADIZ",27,36.7505555555556,-6.05583333333333,49.8893773790592,14.5195796100137,0.0939239740428879,99.722298614097,3.76883148233355,118.442194989535,4.80581740097422,133.586869962963,5.68798008112043
"5972X","SAN FERNANDO","CADIZ",28,36.4655555555556,-6.20555555555556,42.448044545632,13.3733619334227,0.0939264559345735,88.4142691591946,4.80803629638241,105.673230155087,6.02657680943285,119.63606408704,7.04509424234899
"5973","C<U+00C1>DIZ","CADIZ",2,36.4997222222222,-6.25777777777778,47.8302410897536,14.9847499874418,0.0938656206794208,99.2569157064772,3.93588125119473,118.571499163811,4.99100886418669,134.196014891165,5.87884848494826
"5983X","MEDINA SIDONIA","CADIZ",70,36.4061111111111,-5.92027777777778,50.9547137913201,16.1008397583511,0.094077463721259,106.36952347499,6.67191691602635,127.176704421774,8.34925433281483,144.012593068717,9.74690284493705
"5995B","VEJER DE LA FRONTERA","CADIZ",186,36.2455555555556,-5.965,54.1643693927739,17.8054016527991,0.0939032240579649,115.400170285898,6.92147305414372,138.389306544461,8.7110327734084,156.987034929416,10.1894600308207
"5996B","BARBATE","CADIZ",4,36.1847222222222,-5.90944444444444,45.2498584230367,14.8931507515151,0.094000122329471,96.5684057479118,7.12908673659536,115.828136401724,8.91147197520004,131.411235358492,10.3880301586287
"5998X","OSUNA","SEVILLA",255,37.2433333333333,-5.1125,35.8055654272743,10.6214910672498,0.0940772904964954,72.3673884698349,4.47164299739391,86.0957180413808,5.59945180430914,97.2038087433708,6.53975311610467
"6001","TARIFA","CADIZ",32,36.0138888888889,-5.59888888888889,52.7490833699835,16.4802056688781,0.0938309203652766,109.326609299974,4.67293259301304,130.574967168783,5.97247095855794,147.763535732772,7.05957319117963
"6032X","RONDA INSTITUTO","MALAGA",760,36.75,-5.16861111111111,51.2309649529531,16.1984937220288,0.0941134594921701,107.053718774993,7.75268567087002,128.010275818457,9.6978755638474,144.968216109753,11.3157203542385
"6040X","CORTES DE LA FRONTERA","MALAGA",315,36.5444444444444,-5.38638888888889,70.146830098764,20.4738965692041,0.0938625946035155,140.56861909591,8.1677203345094,167.002064697722,10.2182134400901,188.385899595744,11.9218243743619
"6042I","JIMENA DE LA FRONTERA","CADIZ",42,36.4355555555556,-5.395,58.1025211459899,17.9538582603782,0.0936973270495869,119.857639546929,7.52679940165571,143.026755556535,9.37476172855593,161.767637728001,10.91257731784
"6045X","ALPANDEIRE","MALAGA",676,36.6325,-5.20305555555556,77.4538183079556,24.2691782384636,0.094394689533415,161.028178507925,10.258696011823,192.426566892222,12.8229752722418,217.839016535511,14.9619320817375
"6050X","GAUC<U+00CD>N","MALAGA",594,36.5186111111111,-5.31861111111111,69.2102008420715,21.0167031160434,0.0940295863262587,141.483116397303,7.97665730271115,168.622330440397,9.96314450419383,190.581008591871,11.6304475741913
"6056X","SAN ROQUE","CADIZ",1,36.2730555555556,-5.28444444444444,63.584296009466,20.8502850456249,0.093888782305423,135.39562132277,9.64196919788011,162.336637912929,11.9763030038835,184.131593679634,13.9058024189872
"6057X","MANILVA","MALAGA",140,36.3783333333333,-5.26,60.9762602467962,19.7077663400343,0.093933350191903,128.779698044309,8.11589186193198,154.228030452003,10.0763661985531,174.816889169971,11.7114568284037
"6058I","ESTEPONA","MALAGA",19,36.4169444444444,-5.155,59.2549948925501,19.6624115482863,0.0938007016458132,126.869620719549,7.72732757125984,152.243652647567,9.64274617419155,172.769459836729,11.2350094803721
"6069X","BENAHAV<U+00CD>S","MALAGA",392,36.5436111111111,-5.02472222222222,71.7458146274085,24.2054942159879,0.0935942384671551,154.947899494546,9.33829426555718,186.161556290026,11.673297403038,211.407130454796,13.6145487396303
"6076X","MARBELLA, PUERTO","MALAGA",2,36.4844444444444,-4.95305555555556,59.0187351630928,20.54088828133,0.0940095915623553,129.671543046495,7.98434962981102,156.196612814684,9.96367816587935,177.657794341121,11.6171134783202
"6083X","MARBELLA","MALAGA",2,36.4833333333333,-4.74027777777778,51.3640045923283,18.9080062333917,0.0943551194397723,116.537478681498,8.65607877602475,141.009751101497,10.8200915864504,160.814644500585,12.6032691949172
"6084X","FUENGIROLA","MALAGA",8,36.5386111111111,-4.61833333333333,53.3973663158094,19.5514931845812,0.0939894101629151,120.613372885895,6.9672791110929,145.854166302955,8.7978758198728,166.275705686354,10.3278645408914
"6088X","TORREMOLINOS","MALAGA",85,36.6205555555556,-4.515,57.5413541806547,20.979875723096,0.0938006745629978,129.727869951461,8.73800388893939,156.813948268155,10.931071712344,178.725124422809,12.7532869388492
"6100B","ANTEQUERA AYUNTAMIENTO (AUTOM<U+00C1>TICA THIES)","MALAGA",515,37.0238888888889,-4.5625,36.34749945004,11.5764244818421,0.0938978927119218,76.1673165126464,4.56857792218156,91.1148553848137,5.72229091837751,103.207666202906,6.68575976083453
"6106X","ANTEQUERA","MALAGA",408,37.0294444444444,-4.74833333333333,34.2828091179927,11.4997331533756,0.093762796294727,73.8299591151889,4.59775578427606,88.6708546355627,5.7525294899024,100.676075509018,6.71485257171984
"6127X","<U+00C1>LORA","MALAGA",172,36.8547222222222,-4.69666666666667,42.353983500012,15.0429112431656,0.0943034699011773,94.192976071587,6.83060532396875,113.657585370642,8.52133149006039,129.409541487031,9.91778966660336
"6143X","CO<U+00CD>N","MALAGA",230,36.6577777777778,-4.76083333333333,62.533217450735,23.1481900752438,0.0942785351705232,142.327114173902,10.789647943031,172.292161012978,13.5899878723585,196.54203967772,15.9068177909208
"6155A","M<U+00C1>LAGA AEROPUERTO","MALAGA",7,36.6661111111111,-4.48222222222222,58.8314052619171,21.1291238944542,0.0943099872707209,131.394148889247,5.39825166395993,158.672081571556,6.90703495634653,180.747710650732,8.1943024531812
"6156X","M<U+00C1>LAGA, CENTRO METEOROL<U+00D3>GICO","MALAGA",54,36.7177777777778,-4.48166666666667,49.0048292428017,18.0113307120407,0.0938560798993647,110.959590426411,7.16262069265327,134.21413802699,9.01137755328388,153.02685108355,10.5514497849063
"6172X","M<U+00C1>LAGA","MALAGA",25,36.7166666666667,-4.41972222222222,44.2487079222273,15.9613050360941,0.0936950679795125,99.2157027748312,7.533958995065,119.829904874055,9.39518083963298,136.504835826006,10.9404940039594
"6175X","RINC<U+00D3>N DE LA VICTORIA","MALAGA",7,36.715,-4.28611111111111,47.1160701037222,16.6830455305022,0.093935125440892,104.517914684788,6.7747367234595,126.065019777824,8.50372301800257,143.497321750621,9.94057115617738
"6199X","V<U+00C9>LEZ-M<U+00C1>LAGA","MALAGA",41,36.7686111111111,-4.09361111111111,42.1470602910603,14.3614159798698,0.0937905462232733,91.9460430836705,10.3604773407093,110.562612631037,12.6046897680848,125.622140443226,14.4418117039301
"6201X","ALGARROBO","MALAGA",35,36.7558333333333,-4.04388888888889,43.559407274397,14.7507268531064,0.0940125459029505,94.284243754922,5.49559500710226,113.331985406191,6.90895306324931,128.743516119099,8.09493186468303
"6205X","TORROX","MALAGA",3,36.7263888888889,-3.95722222222222,37.9426109260434,13.3060138420913,0.0940541562769178,83.7425992165275,5.59004622411697,100.937188970773,6.99791671260754,114.85007396618,8.17390734669963
"6213X","NERJA","MALAGA",169,36.7627777777778,-3.84527777777778,46.5444855918005,15.9826336673726,0.093948651982631,101.52038556052,6.29510936326095,122.158849768033,7.88975106479761,138.856307472541,9.21861102436703
"6258X","LANJAR<U+00D3>N","GRANADA",708,36.9230555555555,-3.4925,40.2320391403821,12.9061879346283,0.0938786893607583,84.6095827301331,4.9205508417168,101.268113675498,6.15607378462246,114.744858890119,7.18905092489194
"6267X","SALOBRE<U+00D1>A","GRANADA",20,36.7483333333333,-3.57861111111111,43.0527936717241,14.8602576997441,0.094119478054047,94.2221405838825,6.41244643239488,113.435364578793,8.04684281892184,128.982991503109,9.41726384449336
"6268Y","MOTRIL, PUERTO","GRANADA",3,36.7238888888889,-3.52916666666667,37.8831087530311,13.3307859442598,0.0936958909544254,83.7941741755639,6.28638057781089,101.014878977947,7.87037873058608,114.945509607247,9.19315396483367
"6272X","CASTELL DE FERRO","GRANADA",235,36.7341666666667,-3.38,47.2773473126278,16.6386530180978,0.0941672965313479,104.617927336018,7.748572420393,126.145672556644,9.71541196805819,143.566939667721,11.3572010526062
"6277B","ADRA","ALMERIA",8,36.7472222222222,-3.02055555555556,27.7904926849786,10.6311447398998,0.0937876174198267,64.4471403125904,5.3707399697254,78.192882447072,6.71532708372051,89.3120944232288,7.82139610509387
"6281X","V<U+00C1>LOR","GRANADA",1020,37.0052777777778,-3.07138888888889,43.5833416973068,14.8357117319686,0.0935520873777285,94.6149957188518,6.32060544604588,113.75351287804,7.88254253118342,129.232307990846,9.17701728182725
"6291B","EL EJIDO","ALMERIA",98,36.7747222222222,-2.81305555555556,30.6575967135907,11.7740735043848,0.0941176666234046,71.1981025979205,4.91712359751295,86.420419787294,6.19824055944486,98.737907160372,7.26449872799591
"6293X","ROQUETAS DE MAR","ALMERIA",3,36.6869444444444,-2.70166666666667,24.5544795845619,9.96107520725042,0.093657517928339,58.9229014242622,5.29101704661297,71.8039956825827,6.61860966229093,82.2236086831255,7.71893345378119
"6297","ALMER<U+00CD>A","ALMERIA",7,36.8311111111111,-2.45555555555556,25.3689502114748,10.3232396596623,0.0937657440222758,60.8898143072086,4.17884632289146,74.2193114722323,5.28937938564663,85.0017465645155,6.20967717091432
"6302A","ABLA","ALMERIA",869,37.1413888888889,-2.78,23.7026193847251,8.61363574558298,0.0938918893953349,53.3445598834811,3.53976687617317,64.4710892703441,4.46899070495212,73.4725338757729,5.24001956758131
"6307X","L<U+00C1>UJAR DE ANDARAX","ALMERIA",1510,37.0333333333333,-2.9125,44.7768524810854,15.7942611393603,0.0941387300641048,99.1673246676234,6.82059519977825,119.585127105032,8.50296271198944,136.105489042989,9.88624172930569
"6312E","R<U+00C1>GOL, PARQUE NACIONAL SIERRA NEVADA","ALMERIA",601,37.0208333333333,-2.67722222222222,27.2194245085013,10.3027948828455,0.0941497220896725,63.1050233716738,8.41107156196214,76.5154729576519,10.3279708467939,87.3662622736168,11.8894188026568
"6325O","ALMER<U+00CD>A AEROPUERTO","ALMERIA",21,36.8463888888889,-2.35694444444444,26.9974243725309,11.6710248294777,0.0938367619773731,67.0962114211436,3.79983234670096,82.1523960915264,4.84684945485201,94.3323389842568,5.7225082014116
"6329X","CABO DE GATA","ALMERIA",42,36.7219444444444,-2.19305555555556,20.8614499759872,9.65747010737708,0.0941724667371605,54.2740771575975,5.66845588021318,66.8060814561547,7.1649153619585,76.9474131798423,8.39749017017048
"6332X","CARBONERAS","ALMERIA",16,36.9802777777778,-1.90361111111111,25.9524737672966,12.2080291161753,0.0940952924918806,68.1612815086362,6.92502664401866,83.9879555561121,8.71302493827113,96.7941512944088,10.1828163703807
"6332Y","CARBONERAS","ALMERIA",222,36.9422222222222,-1.90694444444444,29.2360053597712,13.788045555296,0.0941897259553055,77.2256384779273,10.4603904545146,95.178802855859,13.041932304408,109.706564775534,15.1492765602383
"6335O","NACIMIENTO, PARQUE NACIONAL SIERRA NEVADA","ALMERIA",970,37.11,-2.69916666666667,27.3520427750907,10.0660294368014,0.0939191185457656,62.2595620154026,7.11244610048525,75.3191217154636,8.73668008462971,85.8843253515217,10.0638078686193
"6340X","GARRUCHA","ALMERIA",28,37.1691666666667,-1.82861111111111,32.8978233884051,15.7005658435072,0.0938578440817462,87.1480653137295,8.78787631695851,107.490462881564,11.1497925390576,123.947830676257,13.0937973293475
"6364X","ALBOX","ALMERIA",508,37.4066666666667,-2.15138888888889,25.1461016894404,10.7918656767849,0.0942406966371145,62.4192695843036,5.69495791992124,76.4075036480327,7.18889003736684,87.7268377454703,8.41268531309052
"6367B","HU<U+00C9>RCAL-OVERA","ALMERIA",300,37.3905555555556,-1.94361111111111,30.0588568394353,13.6920684835851,0.0938717593133429,77.23898560237,6.28416365061432,94.9442327010381,7.99900742511964,109.267986791738,9.41656610211296
"6375X","FUENTE DE PIEDRA","MALAGA",420,37.1322222222222,-4.74194444444444,33.6315107951447,10.7648055214529,0.0941762185184619,70.6792133483453,4.38346008767417,84.59200379095,5.46076854860932,95.8501839073857,6.35805200806281
